council,letters_up,council_slot_per_month,suburbs,suburb_slots_taken,broker,conveyancer,surveyor,builder
City of Charles Sturt,2026-10-10,570,38,0,open,open,open,open
City of Onkaparinga,2026-10-11,735,49,0,open,open,open,open
City of Port Adelaide Enfield,2026-10-12,720,48,0,open,open,open,open
Adelaide Hills Council,2026-10-13,585,39,0,open,open,open,open
City of Playford,2026-10-14,510,34,0,open,open,open,open
City of Mitcham,2026-10-15,435,29,0,open,open,open,open
City of Salisbury,2026-10-16,420,28,0,open,open,open,open
City of Burnside,2026-10-17,390,26,0,open,open,open,open
City of West Torrens,2026-10-18,360,24,0,open,open,open,open
City of Marion,2026-10-19,330,22,0,open,open,open,open
City of Norwood Payneham & St Peters,2026-10-20,315,21,0,open,open,open,open
City of Tea Tree Gully,2026-10-21,300,20,0,open,open,open,open
City of Unley,2026-10-22,240,16,0,open,open,open,open
City of Holdfast Bay,2026-10-23,180,12,0,open,open,open,open
Town of Gawler,2026-10-24,180,12,0,open,open,open,open
Campbelltown City Council,2026-10-25,120,8,0,open,open,open,open
City of Prospect,2026-10-26,99,6,0,open,open,open,open
Town of Walkerville,2026-10-27,99,4,0,open,open,open,open
City of Adelaide,2026-10-28,99,2,0,open,open,open,open
