council,agency_name,office_suburb,office_address,office_phone,website,type,suburbs_they_sell,notes,source_url,confidence
Charles Sturt,Ray White Henley Beach,Henley Beach,"206A Military Rd, Henley Beach SA 5022",(08) 8235 9822,https://raywhitehenleybeach.com.au/,franchise,Henley Beach; Fulham; Lockleys; Richmond; Goodwood,Family-run office since 2004 (per raywhite.com). Whitepages also shows (08) 8235 9322 - use 9822 (on own site).,https://raywhitehenleybeach.com.au/,high
Charles Sturt,Ray White Woodville,Woodville,"Unit 2, 797 Port Road, Woodville SA 5011",(08) 8244 0844,https://raywhitewoodville.com.au/,franchise,Woodville West; Woodville South; Flinders Park; St Clair; Torrensville,,https://raywhitewoodville.com.au/,high
Charles Sturt,Ray White Flinders Park,Findon,"235 Grange Road, Findon SA 5023",(08) 8244 5488,https://raywhiteflinderspark.com.au/,franchise,Allenby Gardens; Flinders Park; Woodville South; Brooklyn Park; Freeling,,https://raywhiteflinderspark.com.au/,high
Charles Sturt,Ray White Grange,Grange,"559 Grange Road, Grange SA 5022",(08) 8353 5544,https://raywhitegrange.com.au/,franchise,Findon; Clearview; Richmond; West Richmond; Wynn Vale; Lyndoch,Site lists Ray White Port Adelaide ((08) 7095 4066) at the same address - looks like a combined Grange/Port Adelaide business. RateMyAgent ranks it top agency by share in Kidman Park.,https://raywhitegrange.com.au/,high
Charles Sturt,LJ Hooker Flinders Park,Flinders Park,"Suite 2/166-168 Grange Road, Flinders Park SA 5025",(08) 8352 1155,https://flinderspark.ljhooker.com.au/,franchise,,"Site does not list recent sale suburbs (testimonials mention Flinders Park, Lockleys).",https://flinderspark.ljhooker.com.au/,high
Charles Sturt,LJ Hooker West Lakes | Henley Beach,Seaton,"139 Tapleys Hill Road, Seaton SA 5023",(08) 8347 3666,https://westlakes.ljhooker.com.au/,franchise,West Lakes; Henley Beach (areas named on site),henleybeach.ljhooker.com.au redirects here - Henley and West Lakes are one office.,https://westlakes.ljhooker.com.au/,high
Charles Sturt,OC Real Estate (Ouwens Casserly) - Henley Beach,Henley Beach,"269 Seaview Road, Henley Beach SA 5022",08 7070 6488 (sales); 08 8269 1833 (rentals),https://ocre.com.au/offices/henley-beach,independent (SA multi-office group),Henley Beach; western beachside suburbs,"Large privately owned SA group (5 locations: Eastwood, Henley Beach, Lonsdale, Kensington, Willunga). Phones look like group-wide lines, not Henley-only. Own site rate-limited us (HTTP 429); details from search index of ocre.com.au.",https://ocre.com.au/offices/henley-beach,medium
Charles Sturt,Belle Property Henley Beach,Grange,"1/575 Grange Road, Grange SA 5022",(08) 7006 0277,https://www.belleproperty.com/henley-beach,franchise,Henley Beach; Grange; Fulham Gardens; western beachside,Belle site blocks fetches (403); phone/address from search index of belleproperty.com + Domain. Domain: ~100 sold in 12 months to May 2026.,https://www.domain.com.au/real-estate-agencies/bellepropertyhenleybeach-37434/,medium
Charles Sturt,Belle Property West Lakes,West Lakes,"Suite 75, 155 Brebner Drive, West Lakes SA 5020",,https://www.belleproperty.com/west-lakes,franchise,West Lakes; Fulham Gardens,"Opened June 2022 (Elite Agent, 31 May 2022); boutique 2-agent office. Office phone not found.",https://eliteagent.com/belle-property-expands-its-adelaide-footprint-to-west-lakes/,medium
Charles Sturt,Harcourts Lifestyle Sales & Rentals,Henley Beach,"341B Seaview Rd, Henley Beach SA 5022",,,franchise,Henley Beach area,"Directory only (RateMyAgent: 44 sold last 12 months, 3 agents). Office phone and website not verified.",https://www.ratemyagent.com.au/real-estate-agency/harcourts-lifestyle-sales-rentals-bb936/sales/overview,medium
Charles Sturt,Harcourts Property People - Woodville Park,Woodville Park,"685 Port Road, Woodville Park SA 5011",(08) 8345 5500,,franchise,,Address/phone from Whitepages; same address on RateMyAgent. Own site blocked fetch.,https://www.whitepages.com.au/harcourts-property-people-10217946B,medium
Charles Sturt,Ous Property,Henley Beach South,"2/49 Henley Beach Road, Henley Beach South SA 5022",,https://www.ous.property/,independent,Grange; Seaton; Henley Beach South; Fulham Gardens,"Boutique independent. Address conflict: RateMyAgent/Allhomes say 2/49 Henley Beach Rd; older Allhomes agent profiles say 68-70 Marlborough St, Henley Beach. Website returned errors when checked. No office landline found.",https://www.allhomes.com.au/agency/ous-property-521488/,medium
Charles Sturt,Koliba Real Estate,Flinders Park,"2/170 Grange Road, Flinders Park SA 5025",,https://koliba.com.au/,independent,Flinders Park; Tennyson,"Says it is an independent boutique agency. Domain profile is a snapshot to Nov 2024 (19 sold in 12 months), so it may be out of date - check it is still trading before contact. Website blocked fetch.",https://domain.com.au/real-estate-agencies/kolibarealestate-30939,medium
Onkaparinga,Ray White Seaford,Seaford Meadows,"Shop 16, Seaford Meadows Shopping Centre, Cnr Bitts Road & Grand Boulevard, Seaford Meadows SA 5169",(08) 7079 6527,https://raywhiteseaford.com.au/,franchise,Seaford Meadows; Seaford Rise; Port Noarlunga South; Morphett Vale; Huntfield Heights,,https://raywhiteseaford.com.au/,high
Onkaparinga,Ray White Morphett Vale | Christies Beach,Morphett Vale,"48 Hillier Road, Morphett Vale SA 5162 (also 1/49 Beach Road, Christies Beach)",(08) 7070 2722,https://raywhitemorphettvale.com.au/,franchise,Morphett Vale; Hackham; Reynella; Seaford Meadows; Christies Beach,"Two shopfronts, one business/phone.",https://raywhitemorphettvale.com.au/about,high
Onkaparinga,Ray White Woodcroft,Morphett Vale,"Shop 5, Woodcroft Town Centre, 185-191 Bains Road, Morphett Vale SA 5162",(08) 7078 6654,https://raywhitewoodcroft.com.au/,franchise,Morphett Vale; Reynella; Seaford Rise; Bedford Park,Same business runs Ray White Hallett Cove (City of Marion) on the same number.,https://raywhitewoodcroft.com.au/,high
Onkaparinga,Ray White Port Noarlunga,Port Noarlunga,"Shop 5, 7-9 Gawler Street, Port Noarlunga SA 5167",(08) 7094 3010,https://raywhiteportnoarlunga.com.au/,franchise,Port Noarlunga; O'Sullivan Beach; Christie Downs; Goolwa South,Older listings show Ray White Port Noarlunga at 2/32 Saltfleet St / 08 8382 0029 - that address and number now belong to Magain Port Noarlunga.,https://raywhiteportnoarlunga.com.au/,high
Onkaparinga,Magain Real Estate - Morphett Vale,Morphett Vale,"52 Hillier Road, Morphett Vale SA 5162",08 8366 2292,https://magain.com.au/offices/magain-real-estate-morphett-vale/25273,independent (SA multi-office group),Morphett Vale; Seaford; Noarlunga Downs; Flagstaff Hill; Mount Compass,"Magain = SA-owned 13-office group. Team on site: Robbie Leigh (Sales Manager), Craig Thomson (Sales Consultant) - source magain.com.au office page.",https://magain.com.au/offices/magain-real-estate-morphett-vale/25273,high
Onkaparinga,Magain Real Estate - Turner (Aldinga),Aldinga,"35 Old Coach Road, Aldinga SA 5173",08 7554 2200,https://www.magain.com.au/offices/magain-real-estate-turner/25280,independent (SA multi-office group),Aldinga Beach; Sellicks Beach; Moana,"Team on site: Jemma Turner (Sales Principal & Manager), Jacqui Wehrmann (Sales Consultant) - source magain.com.au. RateMyAgent shows an older address (Shop 4/215 Port Rd, Aldinga).",https://www.magain.com.au/offices/magain-real-estate-turner/25280,high
Onkaparinga,Magain Real Estate - Happy Valley,Happy Valley,"Shop 3, Happy Valley Shopping Centre, 50 Kenihans Rd, Happy Valley SA 5159",08 8322 6111,https://www.magain.com.au/offices/magain-real-estate-happy-valley/25272,independent (SA multi-office group),Happy Valley; Aberfoyle Park; Onkaparinga Heights; Christie Downs; Chandlers Hill,"Team on site: Danielle Comer (Sales Manager), Amy Fryer (Sales Associate) - source magain.com.au. Street name truncated on page ('50 Kenihans').",https://www.magain.com.au/offices/magain-real-estate-happy-valley/25272,high
Onkaparinga,Magain Real Estate - Seaford,Seaford,"Shop 60, Seaford Central Shopping Centre, Seaford SA 5169",08 8366 2230,https://www.magain.com.au/offices/magain-real-estate-seaford/25274,independent (SA multi-office group),Seaford Rise; Seaford Meadows; Morphett Vale; Willunga; Onkaparinga Hills,"Team on site: David Hams (Sales Manager), Jason Smart (Sales Consultant) - source magain.com.au. Same phone as Magain McLaren Vale.",https://www.magain.com.au/offices/magain-real-estate-seaford/25274,high
Onkaparinga,Magain Real Estate - Port Noarlunga,Port Noarlunga,"Shop 2, 32 Saltfleet Street, Port Noarlunga SA 5167",08 8382 0029,https://www.magain.com.au/offices/magain-real-estate-port-noarlunga/25275,independent (SA multi-office group),Christies Beach; Hackham; Noarlunga Downs; O'Sullivan Beach; Christie Downs; Old Reynella,"Team on site: Patrick Chay, Scott McPharlin - source magain.com.au.",https://www.magain.com.au/offices/magain-real-estate-port-noarlunga/25275,high
Onkaparinga,Magain Real Estate - McLaren Vale,McLaren Vale,"162 Main Rd, McLaren Vale SA 5171",08 8366 2230,https://www.magain.com.au/magain-real-estate-mclaren-vale/,independent (SA multi-office group),,"Team on site: David Hams (Sales Manager), Mitch Portlock (Sales Consultant) - source magain.com.au. 162 Main Rd was previously Harris/Harcourts Wine Coast's address.",https://www.magain.com.au/magain-real-estate-mclaren-vale/,high
Onkaparinga,Century 21 SouthCoast,Aldinga Beach,"161 Esplanade, Aldinga Beach SA 5173",08 8556 6001,https://southcoast.century21.com.au/,franchise,Aldinga Beach; Aldinga; Sellicks Beach; Port Willunga; Willunga; Maslin Beach; Seaford,Same owners run C21 City and C21 NorthEast.,https://southcoast.century21.com.au/about,high
Onkaparinga,Century 21 Southern,Morphett Vale,"170 Main South Road, Morphett Vale SA 5162",(08) 8382 6999,https://southern.century21.com.au/,franchise,Christies Beach; Christie Downs (current listings; sold suburbs not shown),Also runs a Craigmore office.,https://southern.century21.com.au/,high
Onkaparinga,Century 21 Coast to Vines Group,Noarlunga Centre,"70 Dyson Road, Noarlunga Centre SA 5168",08 8382 1212,https://noarlunga.century21.com.au/,franchise,Morphett Vale; Christies Beach; Port Noarlunga; Hackham West; Seaford; Reynella; Happy Valley; Aldinga Beach (56 suburbs on sold page),"Opened 2022, led by Richard Wyatt (named on contact page email + Real Estate Business 2022 article).",https://noarlunga.century21.com.au/contact,high
Onkaparinga,LJ Hooker Aldinga | Seaford,Aldinga Beach,"80 Aldinga Beach Road, Aldinga Beach SA 5173",(08) 8556 5249,https://aldinga.ljhooker.com.au/,franchise,Aldinga Beach; Seaford; Port Willunga; Moana; Maslin Beach (areas named on site),"Rejoined LJ Hooker in 2026 after 5 years as Professionals Aldinga & Seaford (Domain may still show Professionals). Principal John McGarry (LJ Hooker press release, Mar 2026).",https://aldinga.ljhooker.com.au/,high
Onkaparinga,Professionals Christies Beach,Christies Beach,"71 Beach Road, Christies Beach SA 5165",08 8382 3773,https://christiesbeachprofessionals.com.au/,franchise,Christies Beach; Christie Downs; O'Sullivan Beach; Reynella; Happy Valley,Long-running local family business (Kevin J Barry).,https://christiesbeachprofessionals.com.au/contact/,high
Onkaparinga,Southgate Real Estate,McLaren Vale,"178 Main Road, McLaren Vale SA 5171",08 8323 9333,https://sgate.com.au/,independent,McLaren Vale; McLaren Flat; Blewitt Springs; Whites Valley; Seaford Meadows (current listings),"Family-owned, 'serving the South since 1976'. Mike Cross, Director (own site). Site has no date - listings look live but check it's current.",https://sgate.com.au/,high
Onkaparinga,Harris Real Estate - Wine Coast,Aldinga Beach,"1-4/105-107 Rowley Road, Aldinga Beach SA 5173",08 8323 9300,https://www.harrisre.com.au/offices/wine-coast/,independent (SA multi-office group),McLaren Vale; Aldinga; Aldinga Beach; Port Noarlunga to Moana,Formerly Harcourts Wine Coast (rebranded 2024). Harris site blocks fetches; address/phone from search index of harrisre.com.au. Older directories show 162 Main Rd McLaren Vale and Shop 4/215 Port Rd Aldinga.,https://www.harrisre.com.au/offices/wine-coast/,medium
Onkaparinga,Harcourts Tagni,Happy Valley,"190 Chandlers Hill Road, Happy Valley SA 5159",(08) 8322 5000,https://harcourts.net/au/office/tagni-rla255915,franchise,Aberfoyle Park; Happy Valley,"Family-named office (Tagni). Phone matches on Harcourts directory, Instagram, Facebook and RateMyAgent; Harcourts site blocked fetch.",https://harcourts.net/au/office/tagni-rla255915/property-management,medium
Onkaparinga,Raine & Horne Morphett Vale / Christies Beach / Reynella / Woodcroft,Morphett Vale,"176 Main South Road, Morphett Vale SA 5162",(08) 8384 3888,https://www.raineandhorne.com.au/morphettvale,franchise,Morphett Vale; Christies Beach,Owner-run by John & Jennifer Drabic (R&H site per search index). Phone from Whitepages; R&H site blocked fetch.,https://www.whitepages.com.au/raine-horne-10008864/morphett-vale-christies-beach-woodcroft-10008865B,medium
Onkaparinga,Harcourts Morphett Vale,Morphett Vale,"330 Main South Rd, Morphett Vale SA 5162",08 8384 8911,,franchise,,Directory only (Allhomes). Not confirmed on Harcourts site.,https://www.allhomes.com.au/agency/harcourts-morphett-vale-476828/,medium
